{
  "project" : {
    "id" : "moj_code-1016282-iZr",
    "name" : "moj_code-1016282-iZr",
    "folder" : "/jaicp"
  },
  "settings" : {
    "language" : "ru",
    "spellingCorrection" : false,
    "classificationAlgorithm" : "sts",
    "timezone" : "UTC",
    "businessShared" : false,
    "business" : false
  },
  "intents" : [ {
    "id" : 588315,
    "path" : "/Новый интент",
    "enabled" : true,
    "businessShared" : false,
    "business" : false
  }, {
    "id" : 588316,
    "path" : "/Новый интент 1",
    "enabled" : true,
    "businessShared" : false,
    "business" : false
  } ],
  "entities" : [ ],
  "enabledSystemEntities" : [ "duckling.number", "duckling.time", "duckling.duration", "duckling.phone-number", "duckling.email", "duckling.url" ]
}